Campaign,Ad Group,Ad Type,Headline 1,Headline 2,Headline 3,Headline 4,Headline 5,Headline 6,Headline 7,Headline 8,Headline 9,Headline 10,Headline 11,Headline 12,Headline 13,Headline 14,Headline 15,Description 1,Description 2,Description 3,Description 4,Final URL,Path 1,Path 2,Status
01_vendas_search_colageno-tipo2_fundo_max-conv_articulacoes_20261005,01_Tipo2_Exato,Responsive search ad,Colágeno Tipo II Active Plus,Colágeno Não Desnaturado,Tipo 2 É Articulação,1 Comprimido por Dia,Sem Açúcar e Sem Preparo,Fórmula Completa em 1 Dose,Com Cúrcuma e Vitaminas,Articulação e Mobilidade,Feito Pra Você Se Mexer,Recomendado Por Especialistas,Garantia de 90 Dias,Frete Grátis e Envio em 24h,Kit 5 Potes com 41% OFF,"A Partir de R$ 69,54",,Colágeno tipo II não desnaturado com cúrcuma e vitaminas. Um comprimido por dia.,Articulação se cuida com constância. Frete grátis e 90 dias de garantia.,Tipo 1 é pele. Tipo 2 é a cartilagem das articulações. Conheça o Active Plus.,"Fórmula com colágeno tipo II, cúrcuma e vitaminas B1, B6, B12, C e E. Sem açúcar.",https://renovabe.com.br/lp/colageno-tipo-2-articulacoes?utm_source=google&utm_medium=paid&utm_campaign=colageno-tipo2-articulacoes-out&utm_content=tipo2-exato,colageno,tipo-2,Enabled
01_vendas_search_colageno-tipo2_fundo_max-conv_articulacoes_20261005,01_Tipo2_Exato,Responsive search ad,Colágeno Tipo 2 Com Cúrcuma,Tipo 2 É Pra Cartilagem,O Colágeno da Articulação,"4,9 de 800 Mil Avaliações",+1 Milhão de Pessoas Usam,"1,3 Milhão de Clientes",Garantia de 90 Dias Pra Testar,Frete Grátis em Todo Brasil,Envio em 24h,6x Sem Juros,Kit 150 Dias com 41% OFF,"A Partir de R$ 69,54 o Pote",Recomendado Por Especialistas,1 Comprimido por Dia,Compra Segura,"Kit 5 potes por R$ 69,54 cada. Envio em 24h e garantia de 90 dias.","Um comprimido por dia, pra continuar se mexendo. Mais de 1 milhão de pessoas.","Sem sabor, sem preparo, cabe na rotina. 4,9 de média em 800 mil avaliações.",Pra quem treina e quer continuar treinando. Envio em 24h e frete grátis.,https://renovabe.com.br/lp/colageno-tipo-2-articulacoes?utm_source=google&utm_medium=paid&utm_campaign=colageno-tipo2-articulacoes-out&utm_content=tipo2-exato,colageno,tipo-2,Enabled
01_vendas_search_colageno-tipo2_fundo_max-conv_articulacoes_20261005,02_Articulacao_Generico,Responsive search ad,Articulação e Mobilidade,Colágeno da Cartilagem,Feito Pra Você Se Mexer,1 Comprimido por Dia,Sem Açúcar e Sem Preparo,Fórmula Completa em 1 Dose,Com Cúrcuma e Vitaminas,Colágeno Não Desnaturado,Recomendado Por Especialistas,Garantia de 90 Dias,Frete Grátis e Envio em 24h,Kit 5 Potes com 41% OFF,"A Partir de R$ 69,54",,,Colágeno tipo II não desnaturado com cúrcuma e vitaminas. Um comprimido por dia.,Articulação se cuida com constância. Frete grátis e 90 dias de garantia.,Tipo 1 é pele. Tipo 2 é a cartilagem das articulações. Conheça o Active Plus.,"Fórmula com colágeno tipo II, cúrcuma e vitaminas B1, B6, B12, C e E. Sem açúcar.",https://renovabe.com.br/lp/colageno-tipo-2-articulacoes?utm_source=google&utm_medium=paid&utm_campaign=colageno-tipo2-articulacoes-out&utm_content=articulacao,colageno,tipo-2,Enabled
01_vendas_search_colageno-tipo2_fundo_max-conv_articulacoes_20261005,02_Articulacao_Generico,Responsive search ad,Cuide da Sua Articulação,Mobilidade no Dia a Dia,Um Cuidado Completo,"4,9 de 800 Mil Avaliações",+1 Milhão de Pessoas Usam,"1,3 Milhão de Clientes",Garantia de 90 Dias Pra Testar,Frete Grátis em Todo Brasil,Envio em 24h,6x Sem Juros,Kit 150 Dias com 41% OFF,"A Partir de R$ 69,54 o Pote",Recomendado Por Especialistas,1 Comprimido por Dia,Compra Segura,"Kit 5 potes por R$ 69,54 cada. Envio em 24h e garantia de 90 dias.","Um comprimido por dia, pra continuar se mexendo. Mais de 1 milhão de pessoas.","Sem sabor, sem preparo, cabe na rotina. 4,9 de média em 800 mil avaliações.",Pra quem treina e quer continuar treinando. Envio em 24h e frete grátis.,https://renovabe.com.br/lp/colageno-tipo-2-articulacoes?utm_source=google&utm_medium=paid&utm_campaign=colageno-tipo2-articulacoes-out&utm_content=articulacao,colageno,tipo-2,Enabled
01_vendas_search_colageno-tipo2_fundo_max-conv_articulacoes_20261005,03_Joelho,Responsive search ad,Colágeno Tipo 2 pra Joelho,Subir Escada Sem Pensar,Articulação e Mobilidade,1 Comprimido por Dia,Sem Açúcar e Sem Preparo,Fórmula Completa em 1 Dose,Com Cúrcuma e Vitaminas,Feito Pra Você Se Mexer,Colágeno Não Desnaturado,Recomendado Por Especialistas,Garantia de 90 Dias,Frete Grátis e Envio em 24h,Kit 5 Potes com 41% OFF,"A Partir de R$ 69,54",,Colágeno tipo II não desnaturado com cúrcuma e vitaminas. Um comprimido por dia.,Articulação se cuida com constância. Frete grátis e 90 dias de garantia.,Tipo 1 é pele. Tipo 2 é a cartilagem das articulações. Conheça o Active Plus.,"Fórmula com colágeno tipo II, cúrcuma e vitaminas B1, B6, B12, C e E. Sem açúcar.",https://renovabe.com.br/lp/colageno-tipo-2-articulacoes?utm_source=google&utm_medium=paid&utm_campaign=colageno-tipo2-articulacoes-out&utm_content=joelho,colageno,tipo-2,Enabled
01_vendas_search_colageno-tipo2_fundo_max-conv_articulacoes_20261005,03_Joelho,Responsive search ad,Pro Joelho Que Reclama,Escada Sem Corrimão,Colágeno Pra Cartilagem,"4,9 de 800 Mil Avaliações",+1 Milhão de Pessoas Usam,"1,3 Milhão de Clientes",Garantia de 90 Dias Pra Testar,Frete Grátis em Todo Brasil,Envio em 24h,6x Sem Juros,Kit 150 Dias com 41% OFF,"A Partir de R$ 69,54 o Pote",Recomendado Por Especialistas,1 Comprimido por Dia,Compra Segura,"Kit 5 potes por R$ 69,54 cada. Envio em 24h e garantia de 90 dias.","Um comprimido por dia, pra continuar se mexendo. Mais de 1 milhão de pessoas.","Sem sabor, sem preparo, cabe na rotina. 4,9 de média em 800 mil avaliações.",Pra quem treina e quer continuar treinando. Envio em 24h e frete grátis.,https://renovabe.com.br/lp/colageno-tipo-2-articulacoes?utm_source=google&utm_medium=paid&utm_campaign=colageno-tipo2-articulacoes-out&utm_content=joelho,colageno,tipo-2,Enabled
01_vendas_search_colageno-tipo2_fundo_max-conv_articulacoes_20261005,04_Treino_Agachamento,Responsive search ad,Pra Quem Treina Todo Dia,Agachamento Sem Incômodo,Feito Pra Você Se Mexer,1 Comprimido por Dia,Sem Açúcar e Sem Preparo,Fórmula Completa em 1 Dose,Com Cúrcuma e Vitaminas,Articulação e Mobilidade,Colágeno Não Desnaturado,Recomendado Por Especialistas,Garantia de 90 Dias,Frete Grátis e Envio em 24h,Kit 5 Potes com 41% OFF,"A Partir de R$ 69,54",,Colágeno tipo II não desnaturado com cúrcuma e vitaminas. Um comprimido por dia.,Articulação se cuida com constância. Frete grátis e 90 dias de garantia.,Tipo 1 é pele. Tipo 2 é a cartilagem das articulações. Conheça o Active Plus.,"Fórmula com colágeno tipo II, cúrcuma e vitaminas B1, B6, B12, C e E. Sem açúcar.",https://renovabe.com.br/lp/colageno-tipo-2-articulacoes?utm_source=google&utm_medium=paid&utm_campaign=colageno-tipo2-articulacoes-out&utm_content=treino,colageno,tipo-2,Enabled
01_vendas_search_colageno-tipo2_fundo_max-conv_articulacoes_20261005,04_Treino_Agachamento,Responsive search ad,Treine Sem Pensar No Joelho,Fecha a Série Completa,Pra Quem Não Para,"4,9 de 800 Mil Avaliações",+1 Milhão de Pessoas Usam,"1,3 Milhão de Clientes",Garantia de 90 Dias Pra Testar,Frete Grátis em Todo Brasil,Envio em 24h,6x Sem Juros,Kit 150 Dias com 41% OFF,"A Partir de R$ 69,54 o Pote",Recomendado Por Especialistas,1 Comprimido por Dia,Compra Segura,"Kit 5 potes por R$ 69,54 cada. Envio em 24h e garantia de 90 dias.","Um comprimido por dia, pra continuar se mexendo. Mais de 1 milhão de pessoas.","Sem sabor, sem preparo, cabe na rotina. 4,9 de média em 800 mil avaliações.",Pra quem treina e quer continuar treinando. Envio em 24h e frete grátis.,https://renovabe.com.br/lp/colageno-tipo-2-articulacoes?utm_source=google&utm_medium=paid&utm_campaign=colageno-tipo2-articulacoes-out&utm_content=treino,colageno,tipo-2,Enabled
01_vendas_search_colageno-tipo2_fundo_max-conv_articulacoes_20261005,05_Cartilagem,Responsive search ad,Colágeno da Cartilagem,Colágeno Não Desnaturado,Cuidado Com Fundamento,1 Comprimido por Dia,Sem Açúcar e Sem Preparo,Fórmula Completa em 1 Dose,Com Cúrcuma e Vitaminas,Articulação e Mobilidade,Feito Pra Você Se Mexer,Recomendado Por Especialistas,Garantia de 90 Dias,Frete Grátis e Envio em 24h,Kit 5 Potes com 41% OFF,"A Partir de R$ 69,54",,Colágeno tipo II não desnaturado com cúrcuma e vitaminas. Um comprimido por dia.,Articulação se cuida com constância. Frete grátis e 90 dias de garantia.,Tipo 1 é pele. Tipo 2 é a cartilagem das articulações. Conheça o Active Plus.,"Fórmula com colágeno tipo II, cúrcuma e vitaminas B1, B6, B12, C e E. Sem açúcar.",https://renovabe.com.br/lp/colageno-tipo-2-articulacoes?utm_source=google&utm_medium=paid&utm_campaign=colageno-tipo2-articulacoes-out&utm_content=cartilagem,colageno,tipo-2,Enabled
01_vendas_search_colageno-tipo2_fundo_max-conv_articulacoes_20261005,05_Cartilagem,Responsive search ad,Tipo 2 Forma a Cartilagem,Colágeno Que Amortece,"Ativo Certo, Dose Certa","4,9 de 800 Mil Avaliações",+1 Milhão de Pessoas Usam,"1,3 Milhão de Clientes",Garantia de 90 Dias Pra Testar,Frete Grátis em Todo Brasil,Envio em 24h,6x Sem Juros,Kit 150 Dias com 41% OFF,"A Partir de R$ 69,54 o Pote",Recomendado Por Especialistas,1 Comprimido por Dia,Compra Segura,"Kit 5 potes por R$ 69,54 cada. Envio em 24h e garantia de 90 dias.","Um comprimido por dia, pra continuar se mexendo. Mais de 1 milhão de pessoas.","Sem sabor, sem preparo, cabe na rotina. 4,9 de média em 800 mil avaliações.",Pra quem treina e quer continuar treinando. Envio em 24h e frete grátis.,https://renovabe.com.br/lp/colageno-tipo-2-articulacoes?utm_source=google&utm_medium=paid&utm_campaign=colageno-tipo2-articulacoes-out&utm_content=cartilagem,colageno,tipo-2,Enabled
01_vendas_search_colageno-tipo2_fundo_max-conv_articulacoes_20261005,06_Formula_Comparacao,Responsive search ad,Colágeno Tipo 2 + Cúrcuma,Fórmula Completa em 1 Dose,Com Cúrcuma e Vitaminas,1 Comprimido por Dia,Sem Açúcar e Sem Preparo,Articulação e Mobilidade,Feito Pra Você Se Mexer,Colágeno Não Desnaturado,Recomendado Por Especialistas,Garantia de 90 Dias,Frete Grátis e Envio em 24h,Kit 5 Potes com 41% OFF,"A Partir de R$ 69,54",,,Colágeno tipo II não desnaturado com cúrcuma e vitaminas. Um comprimido por dia.,Articulação se cuida com constância. Frete grátis e 90 dias de garantia.,Tipo 1 é pele. Tipo 2 é a cartilagem das articulações. Conheça o Active Plus.,"Fórmula com colágeno tipo II, cúrcuma e vitaminas B1, B6, B12, C e E. Sem açúcar.",https://renovabe.com.br/lp/colageno-tipo-2-articulacoes?utm_source=google&utm_medium=paid&utm_campaign=colageno-tipo2-articulacoes-out&utm_content=formula,colageno,tipo-2,Enabled
01_vendas_search_colageno-tipo2_fundo_max-conv_articulacoes_20261005,06_Formula_Comparacao,Responsive search ad,"Tipo 1 É Pele, Tipo 2 Não",Cúrcuma e 5 Vitaminas,Tudo em 1 Comprimido,"4,9 de 800 Mil Avaliações",+1 Milhão de Pessoas Usam,"1,3 Milhão de Clientes",Garantia de 90 Dias Pra Testar,Frete Grátis em Todo Brasil,Envio em 24h,6x Sem Juros,Kit 150 Dias com 41% OFF,"A Partir de R$ 69,54 o Pote",Recomendado Por Especialistas,1 Comprimido por Dia,Compra Segura,"Kit 5 potes por R$ 69,54 cada. Envio em 24h e garantia de 90 dias.","Um comprimido por dia, pra continuar se mexendo. Mais de 1 milhão de pessoas.","Sem sabor, sem preparo, cabe na rotina. 4,9 de média em 800 mil avaliações.",Pra quem treina e quer continuar treinando. Envio em 24h e frete grátis.,https://renovabe.com.br/lp/colageno-tipo-2-articulacoes?utm_source=google&utm_medium=paid&utm_campaign=colageno-tipo2-articulacoes-out&utm_content=formula,colageno,tipo-2,Enabled
