Campaign,Ad Group,Keyword,Match Type,Status,Final URL
01_vendas_search_colageno-tipo2_fundo_max-conv_articulacoes_out2026,01_Tipo2_Exato,colageno tipo 2,Exact,Enabled,https://renovabe.com.br/lp/colageno-tipo-2-articulacoes?utm_source=google&utm_medium=paid&utm_campaign=colageno-tipo2-articulacoes-out&utm_content=tipo2-exato
01_vendas_search_colageno-tipo2_fundo_max-conv_articulacoes_out2026,01_Tipo2_Exato,colageno tipo ii,Exact,Enabled,https://renovabe.com.br/lp/colageno-tipo-2-articulacoes?utm_source=google&utm_medium=paid&utm_campaign=colageno-tipo2-articulacoes-out&utm_content=tipo2-exato
01_vendas_search_colageno-tipo2_fundo_max-conv_articulacoes_out2026,01_Tipo2_Exato,colageno tipo 2 nao desnaturado,Exact,Enabled,https://renovabe.com.br/lp/colageno-tipo-2-articulacoes?utm_source=google&utm_medium=paid&utm_campaign=colageno-tipo2-articulacoes-out&utm_content=tipo2-exato
01_vendas_search_colageno-tipo2_fundo_max-conv_articulacoes_out2026,01_Tipo2_Exato,colageno uc 2,Exact,Enabled,https://renovabe.com.br/lp/colageno-tipo-2-articulacoes?utm_source=google&utm_medium=paid&utm_campaign=colageno-tipo2-articulacoes-out&utm_content=tipo2-exato
01_vendas_search_colageno-tipo2_fundo_max-conv_articulacoes_out2026,01_Tipo2_Exato,comprar colageno tipo 2,Exact,Enabled,https://renovabe.com.br/lp/colageno-tipo-2-articulacoes?utm_source=google&utm_medium=paid&utm_campaign=colageno-tipo2-articulacoes-out&utm_content=tipo2-exato
01_vendas_search_colageno-tipo2_fundo_max-conv_articulacoes_out2026,01_Tipo2_Exato,melhor colageno tipo 2,Exact,Enabled,https://renovabe.com.br/lp/colageno-tipo-2-articulacoes?utm_source=google&utm_medium=paid&utm_campaign=colageno-tipo2-articulacoes-out&utm_content=tipo2-exato
01_vendas_search_colageno-tipo2_fundo_max-conv_articulacoes_out2026,01_Tipo2_Exato,colageno tipo 2 original,Exact,Enabled,https://renovabe.com.br/lp/colageno-tipo-2-articulacoes?utm_source=google&utm_medium=paid&utm_campaign=colageno-tipo2-articulacoes-out&utm_content=tipo2-exato
01_vendas_search_colageno-tipo2_fundo_max-conv_articulacoes_out2026,01_Tipo2_Exato,colageno tipo 2,Phrase,Enabled,https://renovabe.com.br/lp/colageno-tipo-2-articulacoes?utm_source=google&utm_medium=paid&utm_campaign=colageno-tipo2-articulacoes-out&utm_content=tipo2-exato
01_vendas_search_colageno-tipo2_fundo_max-conv_articulacoes_out2026,01_Tipo2_Exato,colageno tipo ii,Phrase,Enabled,https://renovabe.com.br/lp/colageno-tipo-2-articulacoes?utm_source=google&utm_medium=paid&utm_campaign=colageno-tipo2-articulacoes-out&utm_content=tipo2-exato
01_vendas_search_colageno-tipo2_fundo_max-conv_articulacoes_out2026,01_Tipo2_Exato,comprar colageno tipo 2,Phrase,Enabled,https://renovabe.com.br/lp/colageno-tipo-2-articulacoes?utm_source=google&utm_medium=paid&utm_campaign=colageno-tipo2-articulacoes-out&utm_content=tipo2-exato
01_vendas_search_colageno-tipo2_fundo_max-conv_articulacoes_out2026,01_Tipo2_Exato,colageno tipo 2 preco,Phrase,Enabled,https://renovabe.com.br/lp/colageno-tipo-2-articulacoes?utm_source=google&utm_medium=paid&utm_campaign=colageno-tipo2-articulacoes-out&utm_content=tipo2-exato
01_vendas_search_colageno-tipo2_fundo_max-conv_articulacoes_out2026,02_Articulacao_Generico,colageno para articulacao,Exact,Enabled,https://renovabe.com.br/lp/colageno-tipo-2-articulacoes?utm_source=google&utm_medium=paid&utm_campaign=colageno-tipo2-articulacoes-out&utm_content=articulacao
01_vendas_search_colageno-tipo2_fundo_max-conv_articulacoes_out2026,02_Articulacao_Generico,colageno para articulacoes,Exact,Enabled,https://renovabe.com.br/lp/colageno-tipo-2-articulacoes?utm_source=google&utm_medium=paid&utm_campaign=colageno-tipo2-articulacoes-out&utm_content=articulacao
01_vendas_search_colageno-tipo2_fundo_max-conv_articulacoes_out2026,02_Articulacao_Generico,suplemento para articulacao,Exact,Enabled,https://renovabe.com.br/lp/colageno-tipo-2-articulacoes?utm_source=google&utm_medium=paid&utm_campaign=colageno-tipo2-articulacoes-out&utm_content=articulacao
01_vendas_search_colageno-tipo2_fundo_max-conv_articulacoes_out2026,02_Articulacao_Generico,suplemento para articulacoes,Exact,Enabled,https://renovabe.com.br/lp/colageno-tipo-2-articulacoes?utm_source=google&utm_medium=paid&utm_campaign=colageno-tipo2-articulacoes-out&utm_content=articulacao
01_vendas_search_colageno-tipo2_fundo_max-conv_articulacoes_out2026,02_Articulacao_Generico,melhor colageno para articulacao,Exact,Enabled,https://renovabe.com.br/lp/colageno-tipo-2-articulacoes?utm_source=google&utm_medium=paid&utm_campaign=colageno-tipo2-articulacoes-out&utm_content=articulacao
01_vendas_search_colageno-tipo2_fundo_max-conv_articulacoes_out2026,02_Articulacao_Generico,vitamina para articulacao,Exact,Enabled,https://renovabe.com.br/lp/colageno-tipo-2-articulacoes?utm_source=google&utm_medium=paid&utm_campaign=colageno-tipo2-articulacoes-out&utm_content=articulacao
01_vendas_search_colageno-tipo2_fundo_max-conv_articulacoes_out2026,02_Articulacao_Generico,colageno articulacao,Phrase,Enabled,https://renovabe.com.br/lp/colageno-tipo-2-articulacoes?utm_source=google&utm_medium=paid&utm_campaign=colageno-tipo2-articulacoes-out&utm_content=articulacao
01_vendas_search_colageno-tipo2_fundo_max-conv_articulacoes_out2026,02_Articulacao_Generico,suplemento para articulacao,Phrase,Enabled,https://renovabe.com.br/lp/colageno-tipo-2-articulacoes?utm_source=google&utm_medium=paid&utm_campaign=colageno-tipo2-articulacoes-out&utm_content=articulacao
01_vendas_search_colageno-tipo2_fundo_max-conv_articulacoes_out2026,02_Articulacao_Generico,melhor suplemento para articulacao,Phrase,Enabled,https://renovabe.com.br/lp/colageno-tipo-2-articulacoes?utm_source=google&utm_medium=paid&utm_campaign=colageno-tipo2-articulacoes-out&utm_content=articulacao
01_vendas_search_colageno-tipo2_fundo_max-conv_articulacoes_out2026,02_Articulacao_Generico,o que tomar para articulacao,Phrase,Enabled,https://renovabe.com.br/lp/colageno-tipo-2-articulacoes?utm_source=google&utm_medium=paid&utm_campaign=colageno-tipo2-articulacoes-out&utm_content=articulacao
01_vendas_search_colageno-tipo2_fundo_max-conv_articulacoes_out2026,03_Joelho,colageno para joelho,Exact,Enabled,https://renovabe.com.br/lp/colageno-tipo-2-articulacoes?utm_source=google&utm_medium=paid&utm_campaign=colageno-tipo2-articulacoes-out&utm_content=joelho
01_vendas_search_colageno-tipo2_fundo_max-conv_articulacoes_out2026,03_Joelho,suplemento para joelho,Exact,Enabled,https://renovabe.com.br/lp/colageno-tipo-2-articulacoes?utm_source=google&utm_medium=paid&utm_campaign=colageno-tipo2-articulacoes-out&utm_content=joelho
01_vendas_search_colageno-tipo2_fundo_max-conv_articulacoes_out2026,03_Joelho,colageno joelho,Exact,Enabled,https://renovabe.com.br/lp/colageno-tipo-2-articulacoes?utm_source=google&utm_medium=paid&utm_campaign=colageno-tipo2-articulacoes-out&utm_content=joelho
01_vendas_search_colageno-tipo2_fundo_max-conv_articulacoes_out2026,03_Joelho,suplemento para cartilagem do joelho,Exact,Enabled,https://renovabe.com.br/lp/colageno-tipo-2-articulacoes?utm_source=google&utm_medium=paid&utm_campaign=colageno-tipo2-articulacoes-out&utm_content=joelho
01_vendas_search_colageno-tipo2_fundo_max-conv_articulacoes_out2026,03_Joelho,colageno para dor no joelho,Exact,Enabled,https://renovabe.com.br/lp/colageno-tipo-2-articulacoes?utm_source=google&utm_medium=paid&utm_campaign=colageno-tipo2-articulacoes-out&utm_content=joelho
01_vendas_search_colageno-tipo2_fundo_max-conv_articulacoes_out2026,03_Joelho,colageno para joelho,Phrase,Enabled,https://renovabe.com.br/lp/colageno-tipo-2-articulacoes?utm_source=google&utm_medium=paid&utm_campaign=colageno-tipo2-articulacoes-out&utm_content=joelho
01_vendas_search_colageno-tipo2_fundo_max-conv_articulacoes_out2026,03_Joelho,suplemento para joelho,Phrase,Enabled,https://renovabe.com.br/lp/colageno-tipo-2-articulacoes?utm_source=google&utm_medium=paid&utm_campaign=colageno-tipo2-articulacoes-out&utm_content=joelho
01_vendas_search_colageno-tipo2_fundo_max-conv_articulacoes_out2026,03_Joelho,o que tomar para o joelho,Phrase,Enabled,https://renovabe.com.br/lp/colageno-tipo-2-articulacoes?utm_source=google&utm_medium=paid&utm_campaign=colageno-tipo2-articulacoes-out&utm_content=joelho
01_vendas_search_colageno-tipo2_fundo_max-conv_articulacoes_out2026,03_Joelho,suplemento cartilagem joelho,Phrase,Enabled,https://renovabe.com.br/lp/colageno-tipo-2-articulacoes?utm_source=google&utm_medium=paid&utm_campaign=colageno-tipo2-articulacoes-out&utm_content=joelho
01_vendas_search_colageno-tipo2_fundo_max-conv_articulacoes_out2026,04_Treino_Agachamento,colageno para quem treina,Exact,Enabled,https://renovabe.com.br/lp/colageno-tipo-2-articulacoes?utm_source=google&utm_medium=paid&utm_campaign=colageno-tipo2-articulacoes-out&utm_content=treino
01_vendas_search_colageno-tipo2_fundo_max-conv_articulacoes_out2026,04_Treino_Agachamento,colageno para musculacao,Exact,Enabled,https://renovabe.com.br/lp/colageno-tipo-2-articulacoes?utm_source=google&utm_medium=paid&utm_campaign=colageno-tipo2-articulacoes-out&utm_content=treino
01_vendas_search_colageno-tipo2_fundo_max-conv_articulacoes_out2026,04_Treino_Agachamento,suplemento articulacao treino,Exact,Enabled,https://renovabe.com.br/lp/colageno-tipo-2-articulacoes?utm_source=google&utm_medium=paid&utm_campaign=colageno-tipo2-articulacoes-out&utm_content=treino
01_vendas_search_colageno-tipo2_fundo_max-conv_articulacoes_out2026,04_Treino_Agachamento,colageno para academia,Exact,Enabled,https://renovabe.com.br/lp/colageno-tipo-2-articulacoes?utm_source=google&utm_medium=paid&utm_campaign=colageno-tipo2-articulacoes-out&utm_content=treino
01_vendas_search_colageno-tipo2_fundo_max-conv_articulacoes_out2026,04_Treino_Agachamento,colageno musculacao articulacao,Phrase,Enabled,https://renovabe.com.br/lp/colageno-tipo-2-articulacoes?utm_source=google&utm_medium=paid&utm_campaign=colageno-tipo2-articulacoes-out&utm_content=treino
01_vendas_search_colageno-tipo2_fundo_max-conv_articulacoes_out2026,04_Treino_Agachamento,colageno para treino,Phrase,Enabled,https://renovabe.com.br/lp/colageno-tipo-2-articulacoes?utm_source=google&utm_medium=paid&utm_campaign=colageno-tipo2-articulacoes-out&utm_content=treino
01_vendas_search_colageno-tipo2_fundo_max-conv_articulacoes_out2026,04_Treino_Agachamento,suplemento articulacao musculacao,Phrase,Enabled,https://renovabe.com.br/lp/colageno-tipo-2-articulacoes?utm_source=google&utm_medium=paid&utm_campaign=colageno-tipo2-articulacoes-out&utm_content=treino
01_vendas_search_colageno-tipo2_fundo_max-conv_articulacoes_out2026,04_Treino_Agachamento,colageno para agachamento,Phrase,Enabled,https://renovabe.com.br/lp/colageno-tipo-2-articulacoes?utm_source=google&utm_medium=paid&utm_campaign=colageno-tipo2-articulacoes-out&utm_content=treino
01_vendas_search_colageno-tipo2_fundo_max-conv_articulacoes_out2026,05_Cartilagem,colageno para cartilagem,Exact,Enabled,https://renovabe.com.br/lp/colageno-tipo-2-articulacoes?utm_source=google&utm_medium=paid&utm_campaign=colageno-tipo2-articulacoes-out&utm_content=cartilagem
01_vendas_search_colageno-tipo2_fundo_max-conv_articulacoes_out2026,05_Cartilagem,suplemento para cartilagem,Exact,Enabled,https://renovabe.com.br/lp/colageno-tipo-2-articulacoes?utm_source=google&utm_medium=paid&utm_campaign=colageno-tipo2-articulacoes-out&utm_content=cartilagem
01_vendas_search_colageno-tipo2_fundo_max-conv_articulacoes_out2026,05_Cartilagem,colageno que forma cartilagem,Exact,Enabled,https://renovabe.com.br/lp/colageno-tipo-2-articulacoes?utm_source=google&utm_medium=paid&utm_campaign=colageno-tipo2-articulacoes-out&utm_content=cartilagem
01_vendas_search_colageno-tipo2_fundo_max-conv_articulacoes_out2026,05_Cartilagem,colageno cartilagem,Phrase,Enabled,https://renovabe.com.br/lp/colageno-tipo-2-articulacoes?utm_source=google&utm_medium=paid&utm_campaign=colageno-tipo2-articulacoes-out&utm_content=cartilagem
01_vendas_search_colageno-tipo2_fundo_max-conv_articulacoes_out2026,05_Cartilagem,suplemento para cartilagem,Phrase,Enabled,https://renovabe.com.br/lp/colageno-tipo-2-articulacoes?utm_source=google&utm_medium=paid&utm_campaign=colageno-tipo2-articulacoes-out&utm_content=cartilagem
01_vendas_search_colageno-tipo2_fundo_max-conv_articulacoes_out2026,05_Cartilagem,colageno para regenerar cartilagem,Phrase,Enabled,https://renovabe.com.br/lp/colageno-tipo-2-articulacoes?utm_source=google&utm_medium=paid&utm_campaign=colageno-tipo2-articulacoes-out&utm_content=cartilagem
01_vendas_search_colageno-tipo2_fundo_max-conv_articulacoes_out2026,06_Formula_Comparacao,diferenca colageno tipo 1 e tipo 2,Exact,Enabled,https://renovabe.com.br/lp/colageno-tipo-2-articulacoes?utm_source=google&utm_medium=paid&utm_campaign=colageno-tipo2-articulacoes-out&utm_content=formula
01_vendas_search_colageno-tipo2_fundo_max-conv_articulacoes_out2026,06_Formula_Comparacao,colageno com curcuma,Exact,Enabled,https://renovabe.com.br/lp/colageno-tipo-2-articulacoes?utm_source=google&utm_medium=paid&utm_campaign=colageno-tipo2-articulacoes-out&utm_content=formula
01_vendas_search_colageno-tipo2_fundo_max-conv_articulacoes_out2026,06_Formula_Comparacao,colageno tipo 2 com curcuma,Exact,Enabled,https://renovabe.com.br/lp/colageno-tipo-2-articulacoes?utm_source=google&utm_medium=paid&utm_campaign=colageno-tipo2-articulacoes-out&utm_content=formula
01_vendas_search_colageno-tipo2_fundo_max-conv_articulacoes_out2026,06_Formula_Comparacao,colageno tipo 1 ou tipo 2,Phrase,Enabled,https://renovabe.com.br/lp/colageno-tipo-2-articulacoes?utm_source=google&utm_medium=paid&utm_campaign=colageno-tipo2-articulacoes-out&utm_content=formula
01_vendas_search_colageno-tipo2_fundo_max-conv_articulacoes_out2026,06_Formula_Comparacao,qual colageno para articulacao,Phrase,Enabled,https://renovabe.com.br/lp/colageno-tipo-2-articulacoes?utm_source=google&utm_medium=paid&utm_campaign=colageno-tipo2-articulacoes-out&utm_content=formula
01_vendas_search_colageno-tipo2_fundo_max-conv_articulacoes_out2026,06_Formula_Comparacao,colageno com curcuma,Phrase,Enabled,https://renovabe.com.br/lp/colageno-tipo-2-articulacoes?utm_source=google&utm_medium=paid&utm_campaign=colageno-tipo2-articulacoes-out&utm_content=formula
