Campaign,Keyword,Match Type
01_vendas_search_colageno-tipo2_fundo_max-conv_articulacoes_out2026,renovabe,Phrase
01_vendas_search_colageno-tipo2_fundo_max-conv_articulacoes_out2026,renova be,Phrase
01_vendas_search_colageno-tipo2_fundo_max-conv_articulacoes_out2026,active plus,Phrase
01_vendas_search_colageno-tipo2_fundo_max-conv_articulacoes_out2026,pele,Phrase
01_vendas_search_colageno-tipo2_fundo_max-conv_articulacoes_out2026,cabelo,Phrase
01_vendas_search_colageno-tipo2_fundo_max-conv_articulacoes_out2026,unha,Phrase
01_vendas_search_colageno-tipo2_fundo_max-conv_articulacoes_out2026,unhas,Phrase
01_vendas_search_colageno-tipo2_fundo_max-conv_articulacoes_out2026,rugas,Phrase
01_vendas_search_colageno-tipo2_fundo_max-conv_articulacoes_out2026,antirrugas,Phrase
01_vendas_search_colageno-tipo2_fundo_max-conv_articulacoes_out2026,flacidez,Phrase
01_vendas_search_colageno-tipo2_fundo_max-conv_articulacoes_out2026,beleza,Phrase
01_vendas_search_colageno-tipo2_fundo_max-conv_articulacoes_out2026,verisol,Phrase
01_vendas_search_colageno-tipo2_fundo_max-conv_articulacoes_out2026,hidrolisado,Phrase
01_vendas_search_colageno-tipo2_fundo_max-conv_articulacoes_out2026,tipo 1,Phrase
01_vendas_search_colageno-tipo2_fundo_max-conv_articulacoes_out2026,peptideos,Phrase
01_vendas_search_colageno-tipo2_fundo_max-conv_articulacoes_out2026,em po,Phrase
01_vendas_search_colageno-tipo2_fundo_max-conv_articulacoes_out2026,firmeza,Phrase
01_vendas_search_colageno-tipo2_fundo_max-conv_articulacoes_out2026,estrias,Phrase
01_vendas_search_colageno-tipo2_fundo_max-conv_articulacoes_out2026,celulite,Phrase
01_vendas_search_colageno-tipo2_fundo_max-conv_articulacoes_out2026,gratis,Phrase
01_vendas_search_colageno-tipo2_fundo_max-conv_articulacoes_out2026,gratuito,Phrase
01_vendas_search_colageno-tipo2_fundo_max-conv_articulacoes_out2026,barato,Phrase
01_vendas_search_colageno-tipo2_fundo_max-conv_articulacoes_out2026,receita,Phrase
01_vendas_search_colageno-tipo2_fundo_max-conv_articulacoes_out2026,caseiro,Phrase
01_vendas_search_colageno-tipo2_fundo_max-conv_articulacoes_out2026,como fazer,Phrase
01_vendas_search_colageno-tipo2_fundo_max-conv_articulacoes_out2026,o que e,Phrase
01_vendas_search_colageno-tipo2_fundo_max-conv_articulacoes_out2026,bula,Phrase
01_vendas_search_colageno-tipo2_fundo_max-conv_articulacoes_out2026,wikipedia,Phrase
01_vendas_search_colageno-tipo2_fundo_max-conv_articulacoes_out2026,youtube,Phrase
01_vendas_search_colageno-tipo2_fundo_max-conv_articulacoes_out2026,pdf,Phrase
01_vendas_search_colageno-tipo2_fundo_max-conv_articulacoes_out2026,alimentos ricos,Phrase
01_vendas_search_colageno-tipo2_fundo_max-conv_articulacoes_out2026,manipulado,Phrase
01_vendas_search_colageno-tipo2_fundo_max-conv_articulacoes_out2026,generico,Phrase
01_vendas_search_colageno-tipo2_fundo_max-conv_articulacoes_out2026,cachorro,Phrase
01_vendas_search_colageno-tipo2_fundo_max-conv_articulacoes_out2026,cao,Phrase
01_vendas_search_colageno-tipo2_fundo_max-conv_articulacoes_out2026,caes,Phrase
01_vendas_search_colageno-tipo2_fundo_max-conv_articulacoes_out2026,gato,Phrase
01_vendas_search_colageno-tipo2_fundo_max-conv_articulacoes_out2026,pet,Phrase
01_vendas_search_colageno-tipo2_fundo_max-conv_articulacoes_out2026,canino,Phrase
01_vendas_search_colageno-tipo2_fundo_max-conv_articulacoes_out2026,veterinario,Phrase
01_vendas_search_colageno-tipo2_fundo_max-conv_articulacoes_out2026,animal,Phrase
01_vendas_search_colageno-tipo2_fundo_max-conv_articulacoes_out2026,remedio,Phrase
01_vendas_search_colageno-tipo2_fundo_max-conv_articulacoes_out2026,medicamento,Phrase
01_vendas_search_colageno-tipo2_fundo_max-conv_articulacoes_out2026,anti inflamatorio,Phrase
01_vendas_search_colageno-tipo2_fundo_max-conv_articulacoes_out2026,injecao,Phrase
01_vendas_search_colageno-tipo2_fundo_max-conv_articulacoes_out2026,cirurgia,Phrase
01_vendas_search_colageno-tipo2_fundo_max-conv_articulacoes_out2026,fisioterapia,Phrase
01_vendas_search_colageno-tipo2_fundo_max-conv_articulacoes_out2026,pelo sus,Phrase
